{
    "generator_state": {
        "prev_ohlcv": "TradesBboHybridBarDataRecord(time=1747062400944, open=101872.55, high=101872.55, low=101852.55, close=101852.55, volume=221.4, bid_high=101872.0, bid_low=101850.0, bid_close=101850.0, ask_high=101872.1, ask_low=101850.1, ask_close=101850.1, is_volume_bar=False, is_final_split_bar=True)",
        "strategy_state": {
            "trend_model": {
                "d2_trend_strength": {
                    "value": -1,
                    "ewma": 0,
                    "double_ewma": 0,
                    "double_ewma_slope": 0.0,
                    "d2_ewma": 0.0,
                    "_model_state": "-1",
                    "_bar_direction": -1,
                    "_prev_close": 101852.55,
                    "_prev_double_ewma_slope": 0.0,
                    "_double_ewma_history": [
                        0,
                        0,
                        0,
                        0,
                        0,
                        0,
                        0,
                        0,
                        0,
                        0,
                        0
                    ],
                    "hmm": {
                        "log_returns": [
                            0.00019672927803309726,
                            -0.0001967292780331132,
                            -0.0001967679880574527,
                            -0.0001968067133185487,
                            0.00019680671331858437,
                            -0.0001968067133185487,
                            0.00019680671331858437,
                            -0.0001968067133185487,
                            -0.00019684545382550855,
                            -0.00019688420958721754,
                            0.00019688420958727034,
                            0.0001968454538256161,
                            -0.00019684545382550855,
                            0.0001968454538256161,
                            0.00019680671331858437,
                            -0.0001968067133185487,
                            -0.00019684545382550855,
                            0.0001968454538256161,
                            0.00019680671331858437,
                            -0.0001968067133185487,
                            -0.00019684545382550855,
                            -0.00019688420958721754,
                            -0.00019692298061278312,
                            0.0001969229806126473,
                            0.00019688420958727034,
                            0.0001968454538256161,
                            0.00019680671331858437,
                            0.00019676798805751884,
                            0.00019672927803309726,
                            0.0001966905832364414,
                            0.00019665190365889492,
                            -0.00019665190365882924,
                            -0.0001966905832365338,
                            0.0001966905832364414,
                            0.00019665190365889492,
                            0.00019661323929091358,
                            -0.0001966132392908921,
                            0.00019661323929091358,
                            0.0001965745901238411,
                            -0.00019657459012383714,
                            0.0001965745901238411,
                            0.00019653595614857724,
                            -0.000196535956148668,
                            -0.00019657459012383714,
                            0.0001965745901238411,
                            0.00019653595614857724,
                            0.00019649733735646567,
                            0.00019645873373818414,
                            0.00019642014528507636,
                            0.00019638157198804203,
                            0.0001963430138382029,
                            0.00019630447082668066,
                            0.000196265942944597,
                            0.00019622743018285165,
                            -0.00019622743018275096,
                            -0.00019626594294448063,
                            -0.0001963044708266807,
                            -0.00019634301383823647,
                            0.0001963430138382029,
                            -0.00019634301383823647,
                            -0.00019638157198814424,
                            0.00019638157198804203,
                            0.0001963430138382029,
                            0.00019630447082668066,
                            0.000196265942944597,
                            0.00019622743018285165,
                            -0.00019622743018275096,
                            -0.00019626594294448063,
                            0.000196265942944597,
                            -0.00019626594294448063,
                            -0.0001963044708266807,
                            -0.00019634301383823647,
                            0.0001963430138382029,
                            -0.00019634301383823647,
                            0.0001963430138382029,
                            0.00019630447082668066,
                            0.000196265942944597,
                            0.00019622743018285165,
                            -0.00019622743018275096,
                            -0.00019626594294448063,
                            0.000196265942944597,
                            0.00019622743018285165,
                            0.0001961889325325663,
                            0.00019615044998508467,
                            0.00019611198253130646,
                            0.00019607353016257536,
                            -0.00019607353016249786,
                            -0.00019611198253130963,
                            -0.00019615044998505074,
                            -0.00019618893253260645,
                            -0.00019622743018275096,
                            -0.00019626594294448063,
                            0.000196265942944597,
                            -0.00019626594294448063,
                            0.000196265942944597,
                            0.00019622743018285165,
                            -0.00019622743018275096,
                            -0.00019626594294448063,
                            -0.0001963044708266807,
                            -0.00019634301383823647
                        ],
                        "bullish_emission_mean": 0.00019653595614857724,
                        "bearish_emission_mean": -0.00019634301383823647,
                        "emission_sd": 0.00019550570280775747,
                        "base_hmm": {
                            "_log_alphas": [
                                9523.528540957976,
                                9519.530791123021
                            ],
                            "time_step": 4173,
                            "log_alpha_reset_count": 2
                        }
                    }
                },
                "position_multiplier": 0,
                "position_side": 0,
                "target_position": 0.0,
                "build_up_in_progress": false,
                "reduction_in_progress": false
            },
            "account": {
                "position": 0,
                "long_limit_entry": [],
                "short_limit_entry": [],
                "long_market_entry": [],
                "short_market_entry": [],
                "buy_trades": [],
                "sell_trades": [],
                "buy_size": 0,
                "buy_cost": 0,
                "sell_size": 0,
                "sell_cost": 0,
                "buy_trade_pnl": 0,
                "sell_trade_pnl": 0,
                "prior_position_pnl": 0,
                "taker_fee": 0,
                "maker_fee": 0,
                "commission": 0,
                "pnl": 0,
                "worst_pnl": 0.0,