{
    "generator_state": {
        "prev_ohlcv": "TradesBboHybridBarDataRecord(time=1747079916451, open=102772.55, high=102778.9, low=102752.55, close=102752.55, volume=3892.73, bid_high=102778.9, bid_low=102750.1, bid_close=102750.1, ask_high=102779.0, ask_low=102750.2, ask_close=102750.2, is_volume_bar=False, is_final_split_bar=True)",
        "strategy_state": {
            "trend_model": {
                "d2_trend_strength": {
                    "value": -1,
                    "ewma": 0.0,
                    "double_ewma": 0.0,
                    "double_ewma_slope": 0.0,
                    "d2_ewma": 0.0,
                    "_model_state": "-1",
                    "_bar_direction": -1,
                    "_prev_close": 102752.55,
                    "_prev_double_ewma_slope": 0.0,
                    "_double_ewma_history": [
                        0.0,
                        0.0,
                        0.0,
                        0.0,
                        0.0,
                        0.0,
                        0.0,
                        0.0,
                        0.0,
                        0.0,
                        0.0
                    ],
                    "hmm": {
                        "log_returns": [
                            -0.0001945098625064003,
                            0.00019450986250642115,
                            -0.0001945098625064003,
                            0.00019450986250642115,
                            -0.0001945098625064003,
                            -0.00019454770395368746,
                            0.0001945477039536523,
                            0.00019450986250642115,
                            0.00019447203577734068,
                            -0.0001944720357773036,
                            0.00019447203577734068,
                            0.00019443422375797648,
                            -0.00019443422375784532,
                            0.00019443422375797648,
                            0.0001943964264394502,
                            0.00019435864381354948,
                            0.00019432087587161788,
                            -0.0001943208758715584,
                            -0.0001943586438135248,
                            -0.00019439642643947341,
                            -0.00019443422375784532,
                            0.00019443422375797648,
                            0.0001943964264394502,
                            0.00019435864381354948,
                            -0.0001943586438135248,
                            0.00019435864381354948,
                            0.00019432087587161788,
                            -0.0001943208758715584,
                            -0.0001943586438135248,
                            0.00019435864381354948,
                            0.00019432087587161788,
                            0.000194283122604999,
                            -0.00019428312260491123,
                            -0.0001943208758715584,
                            -0.0001943586438135248,
                            -0.00019439642643947341,
                            0.0001943964264394502,
                            -0.00019439642643947341,
                            0.0001943964264394502,
                            0.00019435864381354948,
                            0.00019432087587161788,
                            0.000194283122604999,
                            0.00019424538400503646,
                            0.00019420766006329588,
                            0.00019416995077156486,
                            0.00019413225612074299,
                            0.00019409457610261783,
                            0.00019405691070875506,
                            0.0001940192599304982,
                            -0.00019401925993039077,
                            -0.0001940569107087054,
                            -0.00019409457610269708,
                            0.00019409457610261783,
                            -0.00019409457610269708,
                            0.00019409457610261783,
                            -0.00019409457610269708,
                            -0.00019413225612069574,
                            -0.0001941699507714755,
                            -0.0001942076600633663,
                            -0.0001942453840050312,
                            -0.00019428312260491123,
                            -0.0001943208758715584,
                            -0.0001943586438135248,
                            -0.00019439642643947341,
                            -0.00019443422375784532,
                            0.00019443422375797648,
                            -0.00019443422375784532,
                            -0.0001944720357773036,
                            -0.0001945098625064003,
                            -0.00019454770395368746,
                            0.0001945477039536523,
                            0.00019450986250642115,
                            -0.0001945098625064003,
                            -0.00019454770395368746,
                            0.0001945477039536523,
                            0.00019450986250642115,
                            0.00019447203577734068,
                            0.00019443422375797648,
                            -0.00019443422375784532,
                            -0.0001944720357773036,
                            -0.0001945098625064003,
                            0.00019450986250642115,
                            0.00019447203577734068,
                            0.00019443422375797648,
                            0.0001943964264394502,
                            -0.00019439642643947341,
                            0.0001943964264394502,
                            -0.00019439642643947341,
                            0.0001943964264394502,
                            0.00019435864381354948,
                            -0.0001943586438135248,
                            -0.00019439642643947341,
                            -0.00019443422375784532,
                            -0.0001944720357773036,
                            -0.0001945098625064003,
                            -0.00019454770395368746,
                            0.0001945477039536523,
                            -0.00019454770395368746,
                            -0.00019458556012771713,
                            -0.0001946234310371524
                        ],
                        "bullish_emission_mean": 0.0001943964264394502,
                        "bearish_emission_mean": -0.00019439642643947341,
                        "emission_sd": 0.0001942195529135475,
                        "base_hmm": {
                            "_log_alphas": [
                                6040.572249776387,
                                6036.61796876957
                            ],
                            "time_step": 5096,
                            "log_alpha_reset_count": 3
                        }
                    }
                },
                "position_multiplier": 0,
                "position_side": 0,
                "target_position": 0.0,
                "build_up_in_progress": false,
                "reduction_in_progress": false
            },
            "account": {
                "position": 0,
                "long_limit_entry": [],
                "short_limit_entry": [],
                "long_market_entry": [],
                "short_market_entry": [],
                "buy_trades": [],
                "sell_trades": [],
                "buy_size": 0,
                "buy_cost": 0,
                "sell_size": 0,
                "sell_cost": 0,
                "buy_trade_pnl": 0,
                "sell_trade_pnl": 0,
                "prior_position_pnl": 0,
                "taker_fee": 0,
                "maker_fee": 0,
                "commission": 0,
                "pnl": 0,